{
    "put the bowl on the plate": [
        "place the bowl on the dish",
        "set the bowl atop the plate",
        "position the bowl upon the plate"
    ],
    "put the wine bottle on the rack": [
        "place the wine bottle on the rack",
        "put the wine container on the shelf",
        "set the wine bottle on the stand"
    ],
    "open the top drawer and put the bowl inside": [
        "lift the top drawer and place the bowl inside",
        "open the upper drawer and insert the bowl inside",
        "unlock the top drawer and deposit the bowl inside"
    ],
    "put the cream cheese in the bowl": [
        "place the cream cheese into the bowl",
        "put the soft cheese in the bowl",
        "drop the cream cheese in the container"
    ],
    "put the wine bottle on top of the cabinet": [
        "place the wine bottle on top of the cabinet",
        "put the wine bottle atop the cabinet",
        "set the wine bottle on top of the cupboard"
    ],
    "push the plate to the front of the stove": [
        "slide the dish to the front of the stove",
        "move the plate towards the front of the stove",
        "shove the plate to the stove's front"
    ],
    "turn on the stove": [
        "activate the stove",
        "switch on the cooker",
        "ignite the burner"
    ],
    "put the bowl on the stove": [
        "place the bowl on the stove",
        "put the dish on the stove",
        "set the bowl on the burner"
    ],
    "put the bowl on top of the cabinet": [
        "place the bowl on top of the cabinet",
        "put the dish on top of the cabinet",
        "put the bowl above the cabinet"
    ],
    "open the middle drawer of the cabinet": [
        "unlock the central drawer of the cabinet",
        "open the middle compartment of the cupboard",
        "pull out the center drawer of the cabinet"
    ]
}